Time,Status
0 days 00:00:05.361000,Inactive
0 days 01:02:36.652000,Started
0 days 02:36:33.581000,Finished
0 days 02:41:02.170000,Finalised
0 days 02:41:50.826000,Ends
