Time,Status
0 days 00:00:06.524000,Inactive
0 days 00:18:31.869000,Started
0 days 01:45:49.151000,Finished
0 days 01:48:27.456000,Finalised
0 days 02:02:20.924000,Ends
