Time,Status
0 days 00:00:05.482000,Inactive
0 days 01:02:05.478000,Started
0 days 02:36:04.051000,Finished
0 days 02:42:24.341000,Finalised
0 days 02:42:24.341000,Ends
