Time,Status
0 days 00:00:06.394000,Inactive
0 days 01:01:55.477000,Started
0 days 02:25:50.220000,Finished
0 days 02:36:17.524000,Finalised
0 days 02:36:17.524000,Ends
