Time,Status
0 days 00:00:05.327000,Inactive
0 days 01:02:44.500000,Started
0 days 02:28:37.591000,Finished
0 days 02:35:56.383000,Finalised
0 days 02:45:51.194000,Ends
