Time,Status
0 days 00:00:09.283000,Inactive
0 days 02:07:56.483000,Started
0 days 04:10:11.950000,Finished
0 days 04:14:33.985000,Finalised
0 days 04:33:38.173000,Ends
