Time,Status
0 days 00:00:05.422000,Inactive
0 days 01:02:06.736000,Started
0 days 02:40:43.657000,Finished
0 days 02:44:40.899000,Finalised
0 days 02:44:40.899000,Ends
