Time,Status
0 days 00:00:05.059000,Inactive
0 days 01:02:05.807000,Started
0 days 02:41:41.941000,Finished
0 days 02:46:42.467000,Finalised
0 days 02:51:22.728000,Ends
