Time,Status
0 days 00:00:05.070000,Inactive
0 days 00:33:40.429000,Started
0 days 02:32:14.475000,Finished
0 days 02:34:58.820000,Finalised
0 days 02:40:39.676000,Ends
