Time,Status
0 days 00:00:06.450000,Inactive
0 days 01:02:21.871000,Started
0 days 02:32:39.422000,Finished
0 days 02:36:14.788000,Finalised
0 days 02:36:14.788000,Ends
