Time,Status,Message
0 days 00:07:45.636000,1,AllClear
0 days 00:33:34.595000,2,Yellow
0 days 00:33:36.095000,1,AllClear
0 days 00:33:43.625000,2,Yellow
0 days 00:34:09.986000,1,AllClear
0 days 01:11:10.759000,2,Yellow
0 days 01:12:38.062000,6,VSCDeployed
0 days 01:13:02.099000,7,VSCEnding
0 days 01:13:15.888000,1,AllClear
0 days 01:39:57.577000,2,Yellow
0 days 01:40:35.530000,4,SCDeployed
0 days 01:53:53.388000,1,AllClear
0 days 01:54:36.713000,2,Yellow
0 days 01:54:44.245000,1,AllClear
