Time,Status
0 days 00:00:07.111000,Inactive
0 days 00:32:52.408000,Started
0 days 01:54:54.442000,Finished
0 days 01:57:58.459000,Finalised
0 days 01:57:59.411000,Ends
