Time,Status
0 days 00:00:04.081000,Inactive
0 days 01:02:44.148000,Started
0 days 02:49:21.809000,Finished
0 days 02:56:08.492000,Finalised
0 days 02:57:01.132000,Ends
