Time,Status
0 days 00:00:05.668000,Inactive
0 days 00:32:58.703000,Started
0 days 02:11:27.752000,Finished
0 days 02:17:35.869000,Finalised
0 days 02:18:49.277000,Ends
