Time,Status
0 days 00:00:06.778000,Inactive
0 days 00:39:58.698000,Started
0 days 02:24:30.234000,Finished
0 days 02:26:47.039000,Finalised
0 days 02:28:38.802000,Ends
