Time,Status
0 days 00:00:06.821000,Inactive
0 days 01:01:46.277000,Started
0 days 02:40:20.535000,Finished
0 days 02:46:57.193000,Finalised
0 days 02:46:57.193000,Ends
