Time,Status
0 days 00:00:05.719000,Inactive
0 days 01:02:08.731000,Started
0 days 02:27:25.847000,Finished
0 days 02:30:41.531000,Finalised
0 days 02:30:41.531000,Ends
