Time,Status
0 days 00:00:05.270000,Inactive
0 days 00:06:56.859000,Started
0 days 01:37:59.403000,Finished
0 days 01:45:36.964000,Finalised
0 days 01:46:55.113000,Ends
