Time,Status
0 days 00:00:01.258000,Inactive
0 days 00:07:42.253000,Started
0 days 01:51:26.763000,Finished
0 days 01:53:37.605000,Finalised
0 days 01:54:49.686000,Ends
