Time,Status
0 days 00:00:02.137000,Inactive
0 days 00:33:38.006000,Started
0 days 02:07:56.849000,Finished
0 days 02:11:07.526000,Finalised
0 days 02:20:15.782000,Ends
