Time,Status
0 days 00:00:06.230000,Inactive
0 days 00:33:04.006000,Started
0 days 02:02:10.132000,Finished
0 days 02:05:55.627000,Finalised
0 days 02:05:55.627000,Ends
