Time,Status
0 days 00:00:04.089000,Inactive
0 days 00:14:02.793000,Started
0 days 01:43:11.292000,Finished
0 days 01:47:50.552000,Finalised
0 days 01:52:01.282000,Ends
