Time,Status,Message
0 days 00:00:00,1,AllClear
0 days 00:14:15.761000,2,Yellow
0 days 00:14:20.652000,1,AllClear
0 days 00:14:29.183000,2,Yellow
0 days 00:14:38.120000,1,AllClear
0 days 00:15:46.666000,6,VSCDeployed
0 days 00:17:43.867000,7,VSCEnding
0 days 00:17:55.538000,1,AllClear
0 days 00:19:15.771000,2,Yellow
0 days 00:19:24.896000,4,SCDeployed
0 days 00:27:55.262000,1,AllClear
0 days 00:40:55.530000,2,Yellow
0 days 00:40:56.670000,1,AllClear
0 days 00:50:52.519000,2,Yellow
0 days 00:50:54.691000,1,AllClear
0 days 01:01:22.070000,4,SCDeployed
0 days 01:07:14.721000,1,AllClear
0 days 01:26:32.481000,2,Yellow
0 days 01:26:34.184000,1,AllClear
0 days 01:37:12.986000,2,Yellow
0 days 01:37:20.361000,1,AllClear
0 days 01:39:39.077000,2,Yellow
0 days 01:39:48.061000,1,AllClear
0 days 01:44:40.681000,2,Yellow
