Time,Status
0 days 00:00:03.649000,Inactive
0 days 00:07:35.940000,Started
0 days 01:43:12.517000,Finished
0 days 01:52:19.610000,Finalised
0 days 01:53:26.828000,Ends
