Time,Status
0 days 00:00:06.810000,Inactive
0 days 00:33:23.305000,Started
0 days 02:00:32.600000,Finished
0 days 02:04:41.982000,Finalised
0 days 02:18:21.227000,Ends
