Time,Status
0 days 00:00:04.032000,Inactive
0 days 01:02:03.225000,Started
0 days 02:34:11.406000,Finished
0 days 02:38:33.128000,Finalised
0 days 02:38:33.128000,Ends
