Time,Status
0 days 00:00:06.874000,Inactive
0 days 01:02:14.632000,Started
0 days 02:24:09.217000,Finished
0 days 02:28:20.428000,Finalised
0 days 02:28:20.428000,Ends
