Time,Status
0 days 00:00:08.664000,Inactive
0 days 00:33:18.087000,Started
0 days 02:06:26.001000,Finished
0 days 02:09:37.914000,Finalised
0 days 02:09:38.695000,Ends
