Time,Status
0 days 00:00:08.046000,Inactive
0 days 01:02:13.798000,Started
0 days 02:26:38.367000,Finished
0 days 02:31:27.396000,Finalised
0 days 02:31:27.396000,Ends
