Time,Status
0 days 00:00:02.500000,Inactive
0 days 00:06:43.395000,Started
0 days 01:28:39.635000,Finished
0 days 01:31:38.297000,Finalised
0 days 01:31:38.297000,Ends
