Time,Status
0 days 00:00:06.574000,Inactive
0 days 00:32:49.099000,Started
0 days 02:07:53.153000,Finished
0 days 02:10:26.846000,Finalised
0 days 02:13:49.810000,Ends
