Time,Status
0 days 00:00:07.816000,Inactive
0 days 00:32:45.521000,Started
0 days 02:16:14.215000,Finished
0 days 02:19:42.722000,Finalised
0 days 02:19:44.293000,Ends
