Time,Status
0 days 00:00:05.266000,Inactive
0 days 00:06:57.186000,Started
0 days 01:44:13.805000,Finished
0 days 01:47:15.167000,Finalised
0 days 01:48:19.399000,Ends
