Time,Status
0 days 00:00:07.985000,Inactive
0 days 00:07:36.924000,Started
0 days 01:39:39.084000,Finished
0 days 01:43:43.216000,Finalised
0 days 01:44:57.116000,Ends
