Time,Status,Message
0 days 00:00:00,2,Yellow
0 days 00:13:07.538000,1,AllClear
0 days 00:30:47.338000,2,Yellow
0 days 00:39:12.957000,1,AllClear
0 days 01:02:44.534000,2,Yellow
0 days 01:03:25.831000,4,SCDeployed
0 days 01:08:10.984000,1,AllClear
0 days 01:13:10.543000,2,Yellow
0 days 01:13:23.246000,4,SCDeployed
0 days 01:16:01.056000,5,Red
0 days 01:31:41.671000,1,AllClear
0 days 01:47:34.722000,6,VSCDeployed
0 days 01:49:37.049000,7,VSCEnding
0 days 01:49:51.267000,1,AllClear
0 days 02:36:29.985000,2,Yellow
0 days 02:36:38.329000,1,AllClear
0 days 02:37:30.688000,4,SCDeployed
0 days 02:40:06.264000,5,Red
0 days 02:50:08.585000,1,AllClear
0 days 02:59:13.048000,2,Yellow
0 days 02:59:25.329000,5,Red
0 days 03:22:14.751000,1,AllClear
0 days 03:36:04.835000,5,Red
