Time,Status
0 days 00:00:05.385000,Inactive
0 days 00:33:17.072000,Started
0 days 01:52:59.269000,Finished
0 days 01:55:55.036000,Finalised
0 days 01:55:55.036000,Ends
