Time,Status
0 days 00:00:10.248000,Inactive
0 days 00:33:26.693000,Started
0 days 01:57:12.665000,Finished
0 days 02:00:05.671000,Finalised
0 days 02:05:08.029000,Ends
