Time,Status
0 days 00:00:05.314000,Inactive
0 days 00:33:20.098000,Started
0 days 01:48:47.049000,Finished
0 days 01:51:29.802000,Finalised
0 days 01:51:31.689000,Ends
