Time,Status
0 days 00:00:06.232000,Inactive
0 days 01:02:03.441000,Started
0 days 02:40:42.728000,Finished
0 days 02:43:58.701000,Finalised
0 days 02:43:58.701000,Ends
