Time,Status
0 days 00:00:07.692000,Inactive
0 days 00:33:33.441000,Started
0 days 01:56:55.337000,Finished
0 days 02:04:13.857000,Finalised
0 days 02:17:39.861000,Ends
