Time,Status
0 days 00:00:04.206000,Inactive
0 days 00:07:17.544000,Started
0 days 01:34:47.531000,Finished
0 days 01:38:23.131000,Finalised
0 days 01:39:28.634000,Ends
