Time,Status
0 days 00:00:08.249000,Inactive
0 days 00:18:33.680000,Started
0 days 01:45:59.122000,Finished
0 days 01:49:53.371000,Finalised
0 days 02:08:23.716000,Ends
