Time,Status
0 days 00:00:06.729000,Inactive
0 days 00:33:23.612000,Started
0 days 02:07:19.483000,Finished
0 days 02:11:20.203000,Finalised
0 days 02:13:52.348000,Ends
