Time,Status
0 days 00:00:09.345000,Inactive
0 days 00:33:27.500000,Started
0 days 02:07:06.992000,Finished
0 days 02:10:51.956000,Finalised
0 days 02:10:51.956000,Ends
