Time,Status
0 days 00:00:07.535000,Inactive
0 days 01:01:47.219000,Started
0 days 02:27:21.050000,Finished
0 days 02:32:13.607000,Finalised
0 days 02:32:13.607000,Ends
