Time,Status
0 days 00:00:05.393000,Inactive
0 days 01:02:28.137000,Started
0 days 02:22:55.859000,Finished
0 days 02:26:42.980000,Finalised
0 days 02:26:45.148000,Ends
