Time,Status
0 days 00:00:06.627000,Inactive
0 days 00:33:09.808000,Started
0 days 02:03:06.828000,Finished
0 days 02:07:34.054000,Finalised
0 days 02:07:34.054000,Ends
