Time,Status
0 days 00:00:10.961000,Inactive
0 days 00:33:06.785000,Started
0 days 02:08:57.480000,Finished
0 days 02:11:16.762000,Finalised
0 days 02:14:18.131000,Ends
