Time,Status
0 days 00:00:03.318000,Inactive
0 days 00:32:59.284000,Started
0 days 02:06:14.170000,Finished
0 days 02:11:26.417000,Finalised
0 days 02:15:31.583000,Ends
