Time,Status
0 days 00:00:04.677000,Inactive
0 days 04:15:59.115000,Started
0 days 04:24:38.553000,Aborted
0 days 04:49:36.887000,Finalised
0 days 04:53:53.567000,Ends
