Time,Status
0 days 00:00:02.659000,Inactive
0 days 01:02:39.217000,Started
0 days 02:38:00.802000,Finished
0 days 02:48:40.088000,Finalised
0 days 02:48:40.088000,Ends
