Time,Status
0 days 00:00:05.964000,Inactive
0 days 01:02:56.466000,Started
0 days 02:37:02.649000,Finished
0 days 02:41:15.947000,Finalised
0 days 02:47:50.504000,Ends
