Time,Status
0 days 00:00:05.475000,Inactive
0 days 00:33:17.322000,Started
0 days 02:05:02.824000,Finished
0 days 02:09:31.477000,Finalised
0 days 02:09:31.477000,Ends
