Time,Status
0 days 00:00:05.078000,Inactive
0 days 00:18:34.162000,Started
0 days 01:42:08.870000,Finished
0 days 01:45:55.260000,Finalised
0 days 01:50:45.949000,Ends
