Time,Status
0 days 00:00:08.013000,Inactive
0 days 00:32:47.006000,Started
0 days 02:03:42.992000,Finished
0 days 02:07:24.018000,Finalised
0 days 02:07:24.411000,Ends
