Time,Status
0 days 00:00:04.657000,Inactive
0 days 00:33:31.386000,Started
0 days 02:07:52.958000,Finished
0 days 02:09:27.321000,Finalised
0 days 02:19:59.761000,Ends
