Time,Status
0 days 00:00:06.837000,Inactive
0 days 00:33:01.144000,Started
0 days 02:09:50.250000,Finished
0 days 02:12:12.407000,Finalised
0 days 02:16:25.214000,Ends
