Time,Status
0 days 00:00:05.719000,Inactive
0 days 01:02:39.103000,Started
0 days 02:37:15.863000,Finished
0 days 02:41:41.417000,Finalised
0 days 02:41:43.082000,Ends
