Time,Status
0 days 00:08:28.271000,Inactive
0 days 00:42:40.279000,Started
0 days 02:12:42.644000,Finished
0 days 02:16:35.261000,Finalised
0 days 02:25:09.159000,Ends
