Time,Status
0 days 00:00:07.099000,Inactive
0 days 01:03:03.844000,Started
0 days 02:34:02.482000,Finished
0 days 02:38:01.806000,Finalised
0 days 02:38:01.806000,Ends
