Time,Status
0 days 00:00:02.196000,Inactive
0 days 01:02:41.933000,Started
0 days 02:33:23.160000,Finished
0 days 02:38:01.087000,Finalised
0 days 02:38:35.588000,Ends
