Time,Status
0 days 00:00:04.092000,Inactive
0 days 01:03:01.758000,Started
0 days 02:35:44.392000,Finished
0 days 02:39:43.763000,Finalised
0 days 02:45:46.256000,Ends
