Time,Status
0 days 00:00:04.407000,Inactive
0 days 01:02:02.950000,Started
0 days 02:50:55.130000,Finished
0 days 02:56:09.422000,Finalised
0 days 02:56:09.609000,Ends
