Time,Status
0 days 00:00:05.594000,Inactive
0 days 00:33:08.644000,Started
0 days 01:54:17.311000,Finished
0 days 01:57:34.042000,Finalised
0 days 01:57:34.042000,Ends
