Time,Status
0 days 00:00:05.991000,Inactive
0 days 00:33:41.719000,Started
0 days 01:57:50.711000,Finished
0 days 02:01:17.638000,Finalised
0 days 02:01:26.251000,Ends
