Time,Status,Message
0 days 00:00:00,1,AllClear
0 days 00:03:33.085000,2,Yellow
0 days 00:09:36.333000,1,AllClear
0 days 00:34:32.243000,2,Yellow
0 days 00:34:36.760000,1,AllClear
0 days 00:34:45.778000,2,Yellow
0 days 00:34:55.943000,4,SCDeployed
0 days 00:46:44.410000,1,AllClear
0 days 00:52:36.021000,2,Yellow
0 days 00:52:41.451000,1,AllClear
0 days 00:57:16.023000,2,Yellow
0 days 00:57:18.095000,1,AllClear
0 days 01:23:30.732000,2,Yellow
0 days 01:24:44.242000,4,SCDeployed
0 days 01:27:40.736000,5,Red
0 days 01:49:48.562000,1,AllClear
0 days 01:58:09.632000,2,Yellow
0 days 01:58:29.648000,1,AllClear
0 days 02:02:24.487000,2,Yellow
0 days 02:02:40.089000,1,AllClear
0 days 02:33:24.703000,2,Yellow
0 days 02:33:32.700000,1,AllClear
