Time,Status
0 days 00:00:03.450000,Inactive
0 days 00:33:34.462000,Started
0 days 02:13:15.043000,Finished
0 days 02:16:58.827000,Finalised
0 days 02:32:54.182000,Ends
