Time,Status
0 days 00:00:06.315000,Inactive
0 days 00:33:22.751000,Started
0 days 02:01:24.178000,Finished
0 days 02:08:07.042000,Finalised
0 days 02:08:07.042000,Ends
