Time,Status
0 days 00:00:09.673000,Inactive
0 days 00:33:37.411000,Started
0 days 02:05:30.615000,Finished
0 days 02:08:54.620000,Finalised
0 days 02:12:10.482000,Ends
