Time,Status
0 days 00:00:05.816000,Inactive
0 days 00:18:30.135000,Started
0 days 01:35:24.853000,Finished
0 days 01:39:50.616000,Finalised
0 days 01:51:45.005000,Ends
