Time,Status,Message
0 days 00:00:00,1,AllClear
0 days 00:18:55.262000,2,Yellow
0 days 00:19:37.098000,6,VSCDeployed
0 days 00:20:49.389000,7,VSCEnding
0 days 00:22:37.098000,4,SCDeployed
0 days 00:24:40.762000,1,AllClear
0 days 00:54:24.938000,2,Yellow
0 days 00:56:49.323000,1,AllClear
