Time,Status
0 days 00:00:07.233000,Inactive
0 days 00:37:09.970000,Started
0 days 02:09:14.114000,Finished
0 days 02:13:05.458000,Finalised
0 days 02:13:05.458000,Ends
