Time,Status,Message
0 days 00:00:00,1,AllClear
0 days 00:27:39.918000,2,Yellow
0 days 00:27:41.288000,1,AllClear
0 days 00:37:34.997000,2,Yellow
0 days 00:38:12.198000,4,SCDeployed
0 days 00:43:48.936000,1,AllClear
0 days 00:44:47.777000,2,Yellow
0 days 00:45:01.019000,1,AllClear
0 days 00:45:33.063000,6,VSCDeployed
0 days 00:46:16.419000,7,VSCEnding
0 days 00:46:29.986000,1,AllClear
0 days 01:50:13.169000,2,Yellow
0 days 01:50:20.738000,1,AllClear
