Time,Status
0 days 00:00:04.045000,Inactive
0 days 01:02:15.963000,Started
0 days 02:30:14.149000,Finished
0 days 02:34:20.395000,Finalised
0 days 02:34:20.832000,Ends
