Time,Status
0 days 00:00:01.688000,Inactive
0 days 00:06:47.319000,Started
0 days 01:49:42.333000,Finished
0 days 01:53:14.727000,Finalised
0 days 01:54:37.162000,Ends
