Time,Status
0 days 00:00:05.749000,Inactive
0 days 01:02:46.300000,Started
0 days 02:30:24.741000,Finished
0 days 02:34:59.316000,Finalised
0 days 02:35:00.363000,Ends
