Time,Status
0 days 00:00:03.202000,Inactive
0 days 00:07:07.988000,Started
0 days 01:36:41.572000,Finished
0 days 01:51:27.397000,Finalised
0 days 01:51:27.397000,Ends
