Time,Status
0 days 00:00:06.121000,Inactive
0 days 00:18:35.334000,Started
0 days 02:09:47.131000,Finished
0 days 02:12:27.588000,Finalised
0 days 02:21:57.613000,Ends
