Time,Status,Message
0 days 00:00:00,1,AllClear
0 days 00:30:53.856000,2,Yellow
0 days 00:31:12.451000,1,AllClear
0 days 00:50:13.042000,2,Yellow
0 days 00:50:14.845000,1,AllClear
0 days 01:15:58.449000,2,Yellow
0 days 01:16:10.264000,4,SCDeployed
0 days 01:24:52.688000,5,Red
0 days 01:34:21.474000,1,AllClear
0 days 01:47:47.276000,2,Yellow
0 days 01:48:22.569000,5,Red
0 days 02:00:34.203000,1,AllClear
0 days 02:22:23.419000,2,Yellow
0 days 02:23:10.025000,6,VSCDeployed
0 days 02:24:58.871000,7,VSCEnding
0 days 02:25:09.931000,1,AllClear
0 days 02:30:07.808000,6,VSCDeployed
0 days 02:30:43.353000,7,VSCEnding
0 days 02:30:58.271000,1,AllClear
0 days 02:33:02.530000,6,VSCDeployed
0 days 02:40:12.660000,7,VSCEnding
0 days 02:40:23.767000,1,AllClear
0 days 02:44:52.318000,6,VSCDeployed
0 days 02:45:26.606000,7,VSCEnding
0 days 02:45:39.453000,1,AllClear
