Time,Status
0 days 00:00:07.989000,Inactive
0 days 00:32:43.624000,Started
0 days 02:03:59.007000,Finished
0 days 02:06:42.419000,Finalised
0 days 02:06:42.419000,Ends
