Time,Status,Message
0 days 00:00:00,1,AllClear
0 days 00:33:21.268000,2,Yellow
0 days 00:33:23.916000,4,SCDeployed
0 days 00:41:22.426000,1,AllClear
0 days 01:28:10.248000,2,Yellow
0 days 01:28:53.834000,6,VSCDeployed
0 days 01:29:35.990000,7,VSCEnding
0 days 01:29:48.810000,1,AllClear
0 days 01:34:56.255000,2,Yellow
0 days 01:34:58.235000,1,AllClear
0 days 01:34:58.949000,2,Yellow
0 days 01:35:01.202000,1,AllClear
0 days 01:35:09.968000,2,Yellow
0 days 01:35:17.792000,6,VSCDeployed
0 days 01:36:18.690000,4,SCDeployed
0 days 01:45:48.950000,1,AllClear
