Time,Status
0 days 00:00:04.843000,Inactive
0 days 00:33:27.137000,Started
0 days 02:05:34.121000,Finished
0 days 02:07:24.589000,Finalised
0 days 02:27:10.988000,Ends
