Time,Status
0 days 00:00:03.828000,Inactive
0 days 01:02:44.614000,Started
0 days 02:25:15.263000,Finished
0 days 02:30:13.525000,Finalised
0 days 02:31:29.618000,Ends
