Time,Status
0 days 00:00:07.211000,Inactive
0 days 01:01:51.781000,Started
0 days 02:34:14.855000,Finished
0 days 02:37:34.590000,Finalised
0 days 02:37:34.590000,Ends
