Time,Status
0 days 00:00:05.281000,Inactive
0 days 00:07:04.213000,Started
0 days 01:42:34.384000,Finished
0 days 01:45:28.363000,Finalised
0 days 01:46:32.352000,Ends
