Time,Status
0 days 00:00:05.930000,Inactive
0 days 01:02:27.563000,Started
0 days 02:26:47.055000,Finished
0 days 02:32:34.140000,Finalised
0 days 02:35:03.127000,Ends
