Time,Status
0 days 00:00:03.414000,Inactive
0 days 00:06:56.587000,Started
0 days 01:39:26.662000,Finished
0 days 01:43:28.193000,Finalised
0 days 01:44:32.545000,Ends
