Time,Status
0 days 00:00:07.171000,Started
0 days 01:35:49.934000,Finished
0 days 01:37:32.848000,Finalised
0 days 01:37:33.097000,Ends
