Time,Status
0 days 00:00:10.947000,Inactive
0 days 00:07:26.483000,Started
0 days 01:37:38.028000,Finished
0 days 01:42:03.171000,Finalised
0 days 01:43:29.163000,Ends
