Time,Status,Message
0 days 00:11:29.385000,1,AllClear
0 days 01:04:51.877000,2,Yellow
0 days 01:05:47.999000,6,VSCDeployed
0 days 01:06:34.882000,4,SCDeployed
0 days 01:13:33.242000,1,AllClear
0 days 01:37:24.288000,2,Yellow
0 days 01:37:26.582000,1,AllClear
0 days 01:37:28.643000,2,Yellow
0 days 01:37:40.082000,4,SCDeployed
0 days 01:45:30.263000,1,AllClear
0 days 02:02:57.882000,6,VSCDeployed
0 days 02:04:42.705000,7,VSCEnding
0 days 02:04:56.094000,1,AllClear
0 days 02:32:54.609000,2,Yellow
0 days 02:32:56.747000,1,AllClear
0 days 02:33:25.544000,2,Yellow
0 days 02:35:21.742000,1,AllClear
