Time,Status
0 days 00:00:06.232000,Inactive
0 days 00:33:32.727000,Started
0 days 01:59:00.666000,Finished
0 days 02:01:38.854000,Finalised
0 days 02:01:39.292000,Ends
