Time,Status
0 days 00:00:06.301000,Inactive
0 days 00:33:25.039000,Started
0 days 01:57:56.476000,Finished
0 days 02:00:51.752000,Finalised
0 days 02:01:15.271000,Ends
