Time,Status
0 days 00:00:05.334000,Inactive
0 days 00:32:48.804000,Started
0 days 01:55:39.732000,Finished
0 days 01:59:36.734000,Finalised
0 days 02:01:27.602000,Ends
