Time,Status
0 days 00:00:08.783000,Inactive
0 days 00:33:31.194000,Started
0 days 02:07:37.081000,Finished
0 days 02:13:06.727000,Finalised
0 days 02:13:07.099000,Ends
