Time,Status
0 days 00:00:05.140000,Inactive
0 days 01:02:24.519000,Started
0 days 02:29:27.382000,Finished
0 days 02:35:35.487000,Finalised
0 days 02:39:41.203000,Ends
