Time,Status
0 days 00:00:04.954000,Inactive
0 days 01:02:12.915000,Started
0 days 02:39:33.573000,Finished
0 days 02:43:58.726000,Finalised
0 days 02:54:21.627000,Ends
